SNo	image_list
1	['jpg/100001.jpg', 'jpg/100000.jpg']
2	['jpg/100101.jpg', 'jpg/100100.jpg']
3	['jpg/100201.jpg']
4	['jpg/100302.jpg', 'jpg/100301.jpg']
5	['jpg/100401.jpg']
6	['jpg/100500.jpg', 'jpg/100503.jpg', 'jpg/100501.jpg']
7	['jpg/100601.jpg']
8	['jpg/100701.jpg']
9	['jpg/100801.jpg']
10	['jpg/106702.jpg', 'jpg/126804.jpg', 'jpg/127501.jpg', 'jpg/100901.jpg']
11	['jpg/101000.jpg']
12	['jpg/101100.jpg']
13	['jpg/101201.jpg', 'jpg/101200.jpg']
14	['jpg/101301.jpg']
15	['jpg/101400.jpg', 'jpg/101402.jpg', 'jpg/101404.jpg', 'jpg/101401.jpg']
16	['jpg/101500.jpg', 'jpg/101502.jpg', 'jpg/101504.jpg', 'jpg/101501.jpg']
17	['jpg/101600.jpg', 'jpg/101601.jpg']
18	['jpg/101701.jpg', 'jpg/101702.jpg']
19	['jpg/101900.jpg']
20	['jpg/102000.jpg']
21	['jpg/102100.jpg']
22	['jpg/102200.jpg']
23	['jpg/102202.jpg']
24	['jpg/102301.jpg']
25	['jpg/125701.jpg', 'jpg/102303.jpg']
26	['jpg/102400.jpg', 'jpg/102402.jpg', 'jpg/102401.jpg']
27	['jpg/102600.jpg']
28	['jpg/102700.jpg']
29	['jpg/102800.jpg']
30	['jpg/102801.jpg', 'jpg/102802.jpg']
31	['jpg/103000.jpg']
32	['jpg/103002.jpg']
33	['jpg/103901.jpg', 'jpg/125200.jpg', 'jpg/103101.jpg']
34	['jpg/103200.jpg']
35	['jpg/103202.jpg']
36	['jpg/103204.jpg']
37	['jpg/103302.jpg', 'jpg/103301.jpg']
38	['jpg/103304.jpg']
39	['jpg/103401.jpg']
40	['jpg/103500.jpg', 'jpg/103502.jpg', 'jpg/103501.jpg']
41	['jpg/110400.jpg', 'jpg/128301.jpg', 'jpg/103601.jpg']
42	['jpg/103702.jpg', 'jpg/103701.jpg']
43	['jpg/105701.jpg', 'jpg/103801.jpg']
44	['jpg/103102.jpg', 'jpg/127202.jpg', 'jpg/103902.jpg']
45	['jpg/104000.jpg', 'jpg/104002.jpg']
46	['jpg/104005.jpg']
47	['jpg/104100.jpg']
48	['jpg/128300.jpg', 'jpg/104200.jpg']
49	['jpg/104203.jpg', 'jpg/106501.jpg', 'jpg/127401.jpg', 'jpg/104202.jpg']
50	['jpg/104301.jpg']
51	['jpg/104402.jpg', 'jpg/104401.jpg']
52	['jpg/104502.jpg', 'jpg/104501.jpg']
53	['jpg/104601.jpg']
54	['jpg/104701.jpg']
55	['jpg/104800.jpg', 'jpg/104802.jpg', 'jpg/104801.jpg']
56	['jpg/104902.jpg']
57	['jpg/105001.jpg']
58	['jpg/105100.jpg']
59	['jpg/105102.jpg']
60	['jpg/105104.jpg']
61	['jpg/105201.jpg']
62	['jpg/125001.jpg', 'jpg/105301.jpg']
63	['jpg/105400.jpg', 'jpg/105401.jpg']
64	['jpg/105601.jpg', 'jpg/105600.jpg']
65	['jpg/105800.jpg']
66	['jpg/105802.jpg']
67	['jpg/105900.jpg', 'jpg/105901.jpg']
68	['jpg/106000.jpg', 'jpg/106002.jpg']
69	['jpg/106200.jpg']
70	['jpg/106202.jpg']
71	['jpg/106301.jpg']
72	['jpg/106400.jpg', 'jpg/106401.jpg']
73	['jpg/106500.jpg']
74	['jpg/106600.jpg', 'jpg/106602.jpg', 'jpg/106604.jpg', 'jpg/112100.jpg', 'jpg/106601.jpg']
75	['jpg/106603.jpg', 'jpg/125700.jpg', 'jpg/125703.jpg', 'jpg/127400.jpg', 'jpg/106606.jpg']
76	['jpg/106700.jpg', 'jpg/106704.jpg', 'jpg/106703.jpg']
77	['jpg/106900.jpg']
78	['jpg/106902.jpg']
79	['jpg/107000.jpg']
80	['jpg/107100.jpg']
81	['jpg/111201.jpg', 'jpg/107200.jpg']
82	['jpg/107203.jpg', 'jpg/107202.jpg']
83	['jpg/107300.jpg', 'jpg/107301.jpg']
84	['jpg/101403.jpg', 'jpg/107500.jpg']
85	['jpg/107601.jpg']
86	['jpg/107701.jpg']
87	['jpg/107801.jpg', 'jpg/107800.jpg']
88	['jpg/107900.jpg', 'jpg/107902.jpg', 'jpg/107901.jpg']
89	['jpg/108101.jpg', 'jpg/108100.jpg']
90	['jpg/108102.jpg', 'jpg/108103.jpg']
91	['jpg/108106.jpg']
92	['jpg/108201.jpg']
93	['jpg/108202.jpg', 'jpg/108203.jpg']
94	['jpg/108401.jpg', 'jpg/108801.jpg', 'jpg/108400.jpg']
95	['jpg/108501.jpg']
96	['jpg/108600.jpg', 'jpg/108601.jpg']
97	['jpg/108802.jpg', 'jpg/108800.jpg']
98	['jpg/108901.jpg']
99	['jpg/109000.jpg']
100	['jpg/109100.jpg']
101	['jpg/126801.jpg', 'jpg/109200.jpg']
102	['jpg/109300.jpg']
103	['jpg/129301.jpg', 'jpg/109400.jpg']
104	['jpg/109402.jpg']
105	['jpg/109501.jpg']
106	['jpg/109601.jpg']
107	['jpg/109701.jpg']
108	['jpg/125702.jpg', 'jpg/109801.jpg']
109	['jpg/109900.jpg']
110	['jpg/110000.jpg']
111	['jpg/110100.jpg']
112	['jpg/110201.jpg', 'jpg/110200.jpg']
113	['jpg/110302.jpg', 'jpg/110301.jpg']
114	['jpg/110500.jpg']
115	['jpg/110601.jpg', 'jpg/110600.jpg']
116	['jpg/110700.jpg', 'jpg/110701.jpg']
117	['jpg/110801.jpg']
118	['jpg/110901.jpg', 'jpg/110900.jpg']
119	['jpg/111000.jpg', 'jpg/111001.jpg']
120	['jpg/111101.jpg']
121	['jpg/111301.jpg', 'jpg/111300.jpg']
122	['jpg/111400.jpg', 'jpg/111401.jpg']
123	['jpg/111601.jpg', 'jpg/111600.jpg']
124	['jpg/111700.jpg', 'jpg/111702.jpg', 'jpg/111701.jpg']
125	['jpg/111800.jpg', 'jpg/111801.jpg']
126	['jpg/112001.jpg', 'jpg/112000.jpg']
127	['jpg/112002.jpg', 'jpg/112003.jpg']
128	['jpg/112201.jpg']
129	['jpg/112300.jpg', 'jpg/112302.jpg', 'jpg/112301.jpg']
130	['jpg/112400.jpg', 'jpg/112403.jpg', 'jpg/112405.jpg', 'jpg/112407.jpg', 'jpg/112402.jpg']
131	['jpg/112404.jpg', 'jpg/112408.jpg']
132	['jpg/112601.jpg', 'jpg/112600.jpg']
133	['jpg/112700.jpg']
134	['jpg/112800.jpg']
135	['jpg/112901.jpg', 'jpg/112900.jpg']
136	['jpg/113000.jpg']
137	['jpg/113101.jpg', 'jpg/113100.jpg']
138	['jpg/113200.jpg', 'jpg/113201.jpg']
139	['jpg/113400.jpg']
140	['jpg/113403.jpg', 'jpg/113402.jpg']
141	['jpg/113501.jpg', 'jpg/113500.jpg']
142	['jpg/113600.jpg']
143	['jpg/113701.jpg', 'jpg/113700.jpg']
144	['jpg/113800.jpg', 'jpg/113801.jpg']
145	['jpg/114000.jpg']
146	['jpg/124900.jpg', 'jpg/114002.jpg']
147	['jpg/114101.jpg']
148	['jpg/114200.jpg', 'jpg/114201.jpg']
149	['jpg/114401.jpg', 'jpg/114400.jpg']
150	['jpg/107101.jpg', 'jpg/114500.jpg']
151	['jpg/114503.jpg']
152	['jpg/114600.jpg']
153	['jpg/114700.jpg']
154	['jpg/114703.jpg', 'jpg/114702.jpg']
155	['jpg/114800.jpg', 'jpg/114801.jpg']
156	['jpg/114902.jpg']
157	['jpg/115000.jpg']
158	['jpg/115100.jpg']
159	['jpg/115201.jpg', 'jpg/115200.jpg']
160	['jpg/115300.jpg', 'jpg/115301.jpg']
161	['jpg/115500.jpg']
162	['jpg/115601.jpg', 'jpg/115600.jpg']
163	['jpg/115700.jpg']
164	['jpg/115702.jpg']
165	['jpg/115801.jpg']
166	['jpg/115902.jpg', 'jpg/115901.jpg']
167	['jpg/116000.jpg', 'jpg/116001.jpg']
168	['jpg/116100.jpg', 'jpg/116101.jpg']
169	['jpg/116300.jpg']
170	['jpg/116402.jpg', 'jpg/116400.jpg']
171	['jpg/116500.jpg']
172	['jpg/116600.jpg']
173	['jpg/116701.jpg', 'jpg/116700.jpg']
174	['jpg/116703.jpg']
175	['jpg/116800.jpg', 'jpg/116803.jpg', 'jpg/116801.jpg']
176	['jpg/116900.jpg', 'jpg/116901.jpg']
177	['jpg/117102.jpg', 'jpg/117100.jpg']
178	['jpg/117200.jpg']
179	['jpg/117301.jpg', 'jpg/117300.jpg']
180	['jpg/117401.jpg', 'jpg/117403.jpg', 'jpg/117400.jpg']
181	['jpg/117500.jpg']
182	['jpg/117600.jpg']
183	['jpg/117700.jpg']
184	['jpg/117800.jpg']
185	['jpg/117802.jpg']
186	['jpg/117901.jpg']
187	['jpg/118001.jpg']
188	['jpg/118003.jpg']
189	['jpg/118101.jpg']
190	['jpg/118200.jpg', 'jpg/118202.jpg', 'jpg/118201.jpg']
191	['jpg/118302.jpg']
192	['jpg/118400.jpg']
193	['jpg/118402.jpg']
194	['jpg/118501.jpg']
195	['jpg/118600.jpg', 'jpg/118601.jpg']
196	['jpg/118801.jpg', 'jpg/118800.jpg']
197	['jpg/118803.jpg']
198	['jpg/118900.jpg', 'jpg/118901.jpg']
199	['jpg/119101.jpg', 'jpg/119100.jpg']
200	['jpg/119200.jpg', 'jpg/119201.jpg']
201	['jpg/119300.jpg']
202	['jpg/119401.jpg', 'jpg/119400.jpg']
203	['jpg/119500.jpg', 'jpg/119501.jpg']
204	['jpg/119602.jpg']
205	['jpg/119604.jpg']
206	['jpg/119700.jpg']
207	['jpg/119704.jpg', 'jpg/119702.jpg']
208	['jpg/119801.jpg', 'jpg/119800.jpg']
209	['jpg/119900.jpg', 'jpg/119901.jpg']
210	['jpg/120100.jpg']
211	['jpg/120200.jpg']
212	['jpg/120301.jpg', 'jpg/120300.jpg']
213	['jpg/120400.jpg', 'jpg/120401.jpg']
214	['jpg/120600.jpg']
215	['jpg/120700.jpg']
216	['jpg/120702.jpg']
217	['jpg/122503.jpg', 'jpg/120800.jpg']
218	['jpg/120901.jpg', 'jpg/120900.jpg']
219	['jpg/121000.jpg', 'jpg/121001.jpg']
220	['jpg/121201.jpg', 'jpg/121200.jpg']
221	['jpg/121301.jpg']
222	['jpg/121400.jpg', 'jpg/121402.jpg', 'jpg/121401.jpg']
223	['jpg/121501.jpg', 'jpg/121500.jpg']
224	['jpg/121600.jpg', 'jpg/121601.jpg']
225	['jpg/121800.jpg']
226	['jpg/121900.jpg']
227	['jpg/122001.jpg', 'jpg/122000.jpg']
228	['jpg/122101.jpg', 'jpg/122100.jpg']
229	['jpg/122200.jpg']
230	['jpg/122202.jpg']
231	['jpg/122300.jpg']
232	['jpg/122302.jpg']
233	['jpg/122400.jpg', 'jpg/122401.jpg']
234	['jpg/122500.jpg', 'jpg/122501.jpg']
235	['jpg/122601.jpg', 'jpg/122600.jpg']
236	['jpg/126100.jpg', 'jpg/122700.jpg']
237	['jpg/122702.jpg']
238	['jpg/122705.jpg', 'jpg/122704.jpg']
239	['jpg/122707.jpg']
240	['jpg/122709.jpg']
241	['jpg/122800.jpg', 'jpg/122801.jpg']
242	['jpg/123001.jpg', 'jpg/123000.jpg']
243	['jpg/123002.jpg', 'jpg/123003.jpg']
244	['jpg/123200.jpg']
245	['jpg/123202.jpg']
246	['jpg/123204.jpg']
247	['jpg/103400.jpg', 'jpg/123300.jpg']
248	['jpg/123401.jpg']
249	['jpg/127001.jpg', 'jpg/123403.jpg']
250	['jpg/123500.jpg']
251	['jpg/123600.jpg']
252	['jpg/123602.jpg']
253	['jpg/123700.jpg', 'jpg/123701.jpg']
254	['jpg/123901.jpg', 'jpg/123900.jpg']
255	['jpg/124000.jpg', 'jpg/124001.jpg']
256	['jpg/124101.jpg', 'jpg/124100.jpg']
257	['jpg/124200.jpg', 'jpg/124202.jpg', 'jpg/124201.jpg']
258	['jpg/124301.jpg', 'jpg/124302.jpg']
259	['jpg/124402.jpg']
260	['jpg/124500.jpg', 'jpg/124501.jpg']
261	['jpg/124700.jpg']
262	['jpg/124800.jpg']
263	['jpg/124802.jpg']
264	['jpg/125000.jpg']
265	['jpg/125100.jpg', 'jpg/125101.jpg']
266	['jpg/125201.jpg', 'jpg/125203.jpg', 'jpg/125202.jpg']
267	['jpg/125400.jpg']
268	['jpg/125501.jpg', 'jpg/125500.jpg']
269	['jpg/125600.jpg', 'jpg/125601.jpg']
270	['jpg/125802.jpg']
271	['jpg/125900.jpg', 'jpg/125901.jpg']
272	['jpg/126002.jpg']
273	['jpg/126101.jpg', 'jpg/126102.jpg']
274	['jpg/126200.jpg', 'jpg/126202.jpg']
275	['jpg/126401.jpg', 'jpg/126400.jpg']
276	['jpg/126501.jpg', 'jpg/126806.jpg', 'jpg/126500.jpg']
277	['jpg/126601.jpg', 'jpg/126600.jpg']
278	['jpg/126701.jpg']
279	['jpg/126703.jpg']
280	['jpg/126704.jpg', 'jpg/126705.jpg']
281	['jpg/126803.jpg']
282	['jpg/126807.jpg']
283	['jpg/126901.jpg', 'jpg/126900.jpg']
284	['jpg/127000.jpg']
285	['jpg/127100.jpg', 'jpg/127101.jpg']
286	['jpg/127301.jpg', 'jpg/127300.jpg']
287	['jpg/127402.jpg', 'jpg/127403.jpg']
288	['jpg/127502.jpg', 'jpg/127503.jpg']
289	['jpg/127601.jpg', 'jpg/127602.jpg']
290	['jpg/127800.jpg']
291	['jpg/127802.jpg']
292	['jpg/127901.jpg']
293	['jpg/128002.jpg', 'jpg/128001.jpg']
294	['jpg/128101.jpg']
295	['jpg/128201.jpg']
296	['jpg/128401.jpg']
297	['jpg/128501.jpg']
298	['jpg/128601.jpg', 'jpg/128600.jpg']
299	['jpg/128701.jpg']
300	['jpg/128800.jpg', 'jpg/128801.jpg']
301	['jpg/129002.jpg', 'jpg/129000.jpg']
302	['jpg/129003.jpg']
303	['jpg/129100.jpg', 'jpg/129101.jpg']
304	['jpg/129200.jpg', 'jpg/129202.jpg']
305	['jpg/129401.jpg']
306	['jpg/129500.jpg', 'jpg/129501.jpg']
307	['jpg/129602.jpg']
308	['jpg/129701.jpg']
309	['jpg/129800.jpg', 'jpg/129801.jpg']
310	['jpg/129901.jpg']
